20 Mediaset|20 Mediaset|

20 Mediaset +1|20 Mediaset +1|

20 Mediaset +1 FHD|20 Mediaset +1 FHD|

20 Mediaset +1 Full HD|20 Mediaset +1 Full HD|

20 Mediaset +1 HD|20 Mediaset +1 HD|

20 Mediaset +24|20 Mediaset +24|

20 Mediaset +24 FHD|20 Mediaset +24 FHD|

20 Mediaset +24 Full HD|20 Mediaset +24 Full HD|

20 Mediaset +24 HD|20 Mediaset +24 HD|

20 Mediaset FHD|20 Mediaset FHD|

20 Mediaset FHD +1|20 Mediaset FHD +1|

20 Mediaset FHD +24|20 Mediaset FHD +24|

20 Mediaset Full HD|20 Mediaset Full HD|

20 Mediaset Full HD +1|20 Mediaset Full HD +1|

20 Mediaset Full HD +24|20 Mediaset Full HD +24|

20 Mediaset HD|20 Mediaset HD|

20 Mediaset HD +1|20 Mediaset HD +1|

20 Mediaset HD +24|20 Mediaset HD +24|

20 Mediaset SD|20 Mediaset SD|

Alice|Alice|

Alice +1|Alice +1|

Alice +1 FHD|Alice +1 FHD|

Alice +1 Full HD|Alice +1 Full HD|

Alice +1 HD|Alice +1 HD|

Alice +24|Alice +24|

Alice +24 FHD|Alice +24 FHD|

Alice +24 Full HD|Alice +24 Full HD|

Alice +24 HD|Alice +24 HD|

Alice FHD|Alice FHD|

Alice FHD +1|Alice FHD +1|

Alice FHD +24|Alice FHD +24|

Alice Full HD|Alice Full HD|

Alice Full HD +1|Alice Full HD +1|

Alice Full HD +24|Alice Full HD +24|

Alice HD|Alice HD|

Alice HD +1|Alice HD +1|

Alice HD +24|Alice HD +24|

Alice SD|Alice SD|

Automoto|Automoto|

Automoto +1|Automoto +1|

Automoto +1 FHD|Automoto +1 FHD|

Automoto +1 Full HD|Automoto +1 Full HD|

Automoto +1 HD|Automoto +1 HD|

Automoto FHD|Automoto FHD|

Automoto FHD +1|Automoto FHD +1|

Automoto Full HD|Automoto Full HD|

Automoto Full HD +1|Automoto Full HD +1|

Automoto HD|Automoto HD|

Automoto HD +1|Automoto HD +1|

Automoto SD|Automoto SD|

Bike Channel|Bike Channel|

Bike Channel +1|Bike Channel +1|

Bike Channel +1 FHD|Bike Channel +1 FHD|

Bike Channel +1 Full HD|Bike Channel +1 Full HD|

Bike Channel +1 HD|Bike Channel +1 HD|

Bike Channel FHD|Bike Channel FHD|

Bike Channel FHD +1|Bike Channel FHD +1|

Bike Channel Full HD|Bike Channel Full HD|

Bike Channel Full HD +1|Bike Channel Full HD +1|

Bike Channel HD|Bike Channel HD|

Bike Channel HD +1|Bike Channel HD +1|

Bike Channel SD|Bike Channel SD|

Blaze|Blaze|

Blaze +1|Blaze +1|

Blaze +1 FHD|Blaze +1 FHD|

Blaze +1 Full HD|Blaze +1 Full HD|

Blaze +1 HD|Blaze +1 HD|

Blaze +24|Blaze +24|

Blaze +24 FHD|Blaze +24 FHD|

Blaze +24 Full HD|Blaze +24 Full HD|

Blaze +24 HD|Blaze +24 HD|

Blaze FHD|Blaze FHD|

Blaze FHD +1|Blaze FHD +1|

Blaze FHD +24|Blaze FHD +24|

Blaze Full HD|Blaze Full HD|

Blaze Full HD +1|Blaze Full HD +1|

Blaze Full HD +24|Blaze Full HD +24|

Blaze HD|Blaze HD|

Blaze HD +1|Blaze HD +1|

Blaze HD +24|Blaze HD +24|

Blaze SD|Blaze SD|

Boing|Boing|

Boing +1|Boing +1|

Boing +1 FHD|Boing +1 FHD|

Boing +1 Full HD|Boing +1 Full HD|

Boing +1 HD|Boing +1 HD|

Boing +24|Boing +24|

Boing +24 FHD|Boing +24 FHD|

Boing +24 Full HD|Boing +24 Full HD|

Boing +24 HD|Boing +24 HD|

Boing FHD|Boing FHD|

Boing FHD +1|Boing FHD +1|

Boing FHD +24|Boing FHD +24|

Boing Full HD|Boing Full HD|

Boing Full HD +1|Boing Full HD +1|

Boing Full HD +24|Boing Full HD +24|

Boing HD|Boing HD|

Boing HD +1|Boing HD +1|

Boing HD +24|Boing HD +24|

Boing SD|Boing SD|

Boomerang|Boomerang|

Boomerang +1|Boomerang +1|

Boomerang +1 FHD|Boomerang +1 FHD|

Boomerang +1 Full HD|Boomerang +1 Full HD|

Boomerang +1 HD|Boomerang +1 HD|

Boomerang +24|Boomerang +24|

Boomerang +24 FHD|Boomerang +24 FHD|

Boomerang +24 Full HD|Boomerang +24 Full HD|

Boomerang +24 HD|Boomerang +24 HD|

Boomerang FHD|Boomerang FHD|

Boomerang FHD +1|Boomerang FHD +1|

Boomerang FHD +24|Boomerang FHD +24|

Boomerang Full HD|Boomerang Full HD|

Boomerang Full HD +1|Boomerang Full HD +1|

Boomerang Full HD +24|Boomerang Full HD +24|

Boomerang HD|Boomerang HD|

Boomerang HD +1|Boomerang HD +1|

Boomerang HD +24|Boomerang HD +24|

Boomerang SD|Boomerang SD|

Caccia &amp; Pesca|Caccia &amp; Pesca|

Caccia &amp; Pesca +1|Caccia &amp; Pesca +1|

Caccia &amp; Pesca +1 FHD|Caccia &amp; Pesca +1 FHD|

Caccia &amp; Pesca +1 Full HD|Caccia &amp; Pesca +1 Full HD|

Caccia &amp; Pesca +1 HD|Caccia &amp; Pesca +1 HD|

Caccia &amp; Pesca +24|Caccia &amp; Pesca +24|

Caccia &amp; Pesca +24 FHD|Caccia &amp; Pesca +24 FHD|

Caccia &amp; Pesca +24 Full HD|Caccia &amp; Pesca +24 Full HD|

Caccia &amp; Pesca +24 HD|Caccia &amp; Pesca +24 HD|

Caccia &amp; Pesca FHD|Caccia &amp; Pesca FHD|

Caccia &amp; Pesca FHD +1|Caccia &amp; Pesca FHD +1|

Caccia &amp; Pesca FHD +24|Caccia &amp; Pesca FHD +24|

Caccia &amp; Pesca Full HD|Caccia &amp; Pesca Full HD|

Caccia &amp; Pesca Full HD +1|Caccia &amp; Pesca Full HD +1|

Caccia &amp; Pesca Full HD +24|Caccia &amp; Pesca Full HD +24|

Caccia &amp; Pesca HD|Caccia &amp; Pesca HD|

Caccia &amp; Pesca HD +1|Caccia &amp; Pesca HD +1|

Caccia &amp; Pesca HD +24|Caccia &amp; Pesca HD +24|

Caccia &amp; Pesca SD|Caccia &amp; Pesca SD|

Canale 5|Canale 5|

Canale 5 +1|Canale 5 +1|

Canale 5 +1 FHD|Canale 5 +1 FHD|

Canale 5 +1 Full HD|Canale 5 +1 Full HD|

Canale 5 +1 HD|Canale 5 +1 HD|

Canale 5 +24|Canale 5 +24|

Canale 5 +24 FHD|Canale 5 +24 FHD|

Canale 5 +24 Full HD|Canale 5 +24 Full HD|

Canale 5 +24 HD|Canale 5 +24 HD|

Canale 5 FHD|Canale 5 FHD|

Canale 5 FHD +1|Canale 5 FHD +1|

Canale 5 FHD +24|Canale 5 FHD +24|

Canale 5 Full HD|Canale 5 Full HD|

Canale 5 Full HD +1|Canale 5 Full HD +1|

Canale 5 Full HD +24|Canale 5 Full HD +24|

Canale 5 HD|Canale 5 HD|

Canale 5 HD +1|Canale 5 HD +1|

Canale 5 HD +24|Canale 5 HD +24|

Canale 5 SD|Canale 5 SD|

Cielo|Cielo|

Cielo +1|Cielo +1|

Cielo +1 FHD|Cielo +1 FHD|

Cielo +1 Full HD|Cielo +1 Full HD|

Cielo +1 HD|Cielo +1 HD|

Cielo +24|Cielo +24|

Cielo +24 FHD|Cielo +24 FHD|

Cielo +24 Full HD|Cielo +24 Full HD|

Cielo +24 HD|Cielo +24 HD|

Cielo FHD|Cielo FHD|

Cielo FHD +1|Cielo FHD +1|

Cielo FHD +24|Cielo FHD +24|

Cielo Full HD|Cielo Full HD|

Cielo Full HD +1|Cielo Full HD +1|

Cielo Full HD +24|Cielo Full HD +24|

Cielo HD|Cielo HD|

Cielo HD +1|Cielo HD +1|

Cielo HD +24|Cielo HD +24|

Cielo SD|Cielo SD|

Comedy Central|Comedy Central|

Comedy Central +1|Comedy Central +1|

Comedy Central +1 FHD|Comedy Central +1 FHD|

Comedy Central +1 Full HD|Comedy Central +1 Full HD|

Comedy Central +1 HD|Comedy Central +1 HD|

Comedy Central +24|Comedy Central +24|

Comedy Central +24 FHD|Comedy Central +24 FHD|

Comedy Central +24 Full HD|Comedy Central +24 Full HD|

Comedy Central +24 HD|Comedy Central +24 HD|

Comedy Central FHD|Comedy Central FHD|

Comedy Central FHD +1|Comedy Central FHD +1|

Comedy Central FHD +24|Comedy Central FHD +24|

Comedy Central Full HD|Comedy Central Full HD|

Comedy Central Full HD +1|Comedy Central Full HD +1|

Comedy Central Full HD +24|Comedy Central Full HD +24|

Comedy Central HD|Comedy Central HD|

Comedy Central HD +1|Comedy Central HD +1|

Comedy Central HD +24|Comedy Central HD +24|

Comedy Central SD|Comedy Central SD|

Crime Investigation|Crime Investigation|

Crime Investigation +1|Crime Investigation +1|

Crime Investigation +1 FHD|Crime Investigation +1 FHD|

Crime Investigation +1 Full HD|Crime Investigation +1 Full HD|

Crime Investigation +1 HD|Crime Investigation +1 HD|

Crime Investigation +24|Crime Investigation +24|

Crime Investigation +24 FHD|Crime Investigation +24 FHD|

Crime Investigation +24 Full HD|Crime Investigation +24 Full HD|

Crime Investigation +24 HD|Crime Investigation +24 HD|

Crime Investigation FHD|Crime Investigation FHD|

Crime Investigation FHD +1|Crime Investigation FHD +1|

Crime Investigation FHD +24|Crime Investigation FHD +24|

Crime Investigation Full HD|Crime Investigation Full HD|

Crime Investigation Full HD +1|Crime Investigation Full HD +1|

Crime Investigation Full HD +24|Crime Investigation Full HD +24|

Crime Investigation HD|Crime Investigation HD|

Crime Investigation HD +1|Crime Investigation HD +1|

Crime Investigation HD +24|Crime Investigation HD +24|

Crime Investigation SD|Crime Investigation SD|

Dea Junior|Dea Junior|

Dea Junior +1|Dea Junior +1|

Dea Junior +1 FHD|Dea Junior +1 FHD|

Dea Junior +1 Full HD|Dea Junior +1 Full HD|

Dea Junior +1 HD|Dea Junior +1 HD|

Dea Junior +24|Dea Junior +24|

Dea Junior +24 FHD|Dea Junior +24 FHD|

Dea Junior +24 Full HD|Dea Junior +24 Full HD|

Dea Junior +24 HD|Dea Junior +24 HD|

Dea Junior FHD|Dea Junior FHD|

Dea Junior FHD +1|Dea Junior FHD +1|

Dea Junior FHD +24|Dea Junior FHD +24|

Dea Junior Full HD|Dea Junior Full HD|

Dea Junior Full HD +1|Dea Junior Full HD +1|

Dea Junior Full HD +24|Dea Junior Full HD +24|

Dea Junior HD|Dea Junior HD|

Dea Junior HD +1|Dea Junior HD +1|

Dea Junior HD +24|Dea Junior HD +24|

Dea Junior SD|Dea Junior SD|

Dea Kids|Dea Kids|

Dea Kids +1|Dea Kids +1|

Dea Kids +1 FHD|Dea Kids +1 FHD|

Dea Kids +1 Full HD|Dea Kids +1 Full HD|

Dea Kids +1 HD|Dea Kids +1 HD|

Dea Kids +24|Dea Kids +24|

Dea Kids +24 FHD|Dea Kids +24 FHD|

Dea Kids +24 Full HD|Dea Kids +24 Full HD|

Dea Kids +24 HD|Dea Kids +24 HD|

Dea Kids FHD|Dea Kids FHD|

Dea Kids FHD +1|Dea Kids FHD +1|

Dea Kids FHD +24|Dea Kids FHD +24|

Dea Kids Full HD|Dea Kids Full HD|

Dea Kids Full HD +1|Dea Kids Full HD +1|

Dea Kids Full HD +24|Dea Kids Full HD +24|

Dea Kids HD|Dea Kids HD|

Dea Kids HD +1|Dea Kids HD +1|

Dea Kids HD +24|Dea Kids HD +24|

Dea Kids SD|Dea Kids SD|

Discovery|Discovery|

Discovery +1|Discovery +1|

Discovery +1 FHD|Discovery +1 FHD|

Discovery +1 Full HD|Discovery +1 Full HD|

Discovery +1 HD|Discovery +1 HD|

Discovery +24|Discovery +24|

Discovery +24 FHD|Discovery +24 FHD|

Discovery +24 Full HD|Discovery +24 Full HD|

Discovery +24 HD|Discovery +24 HD|

Discovery FHD|Discovery FHD|

Discovery FHD +1|Discovery FHD +1|

Discovery FHD +24|Discovery FHD +24|

Discovery Full HD|Discovery Full HD|

Discovery Full HD +1|Discovery Full HD +1|

Discovery Full HD +24|Discovery Full HD +24|

Discovery HD|Discovery HD|

Discovery HD +1|Discovery HD +1|

Discovery HD +24|Discovery HD +24|

Discovery SD|Discovery SD|

Discovery Science|Discovery Science|

Discovery Science +1|Discovery Science +1|

Discovery Science +1 FHD|Discovery Science +1 FHD|

Discovery Science +1 Full HD|Discovery Science +1 Full HD|

Discovery Science +1 HD|Discovery Science +1 HD|

Discovery Science +24|Discovery Science +24|

Discovery Science +24 FHD|Discovery Science +24 FHD|

Discovery Science +24 Full HD|Discovery Science +24 Full HD|

Discovery Science +24 HD|Discovery Science +24 HD|

Discovery Science FHD|Discovery Science FHD|

Discovery Science FHD +1|Discovery Science FHD +1|

Discovery Science FHD +24|Discovery Science FHD +24|

Discovery Science Full HD|Discovery Science Full HD|

Discovery Science Full HD +1|Discovery Science Full HD +1|

Discovery Science Full HD +24|Discovery Science Full HD +24|

Discovery Science HD|Discovery Science HD|

Discovery Science HD +1|Discovery Science HD +1|

Discovery Science HD +24|Discovery Science HD +24|

Discovery Science SD|Discovery Science SD|

Disney Channel|Disney Channel|

Disney Channel +1|Disney Channel +1|

Disney Channel +1 FHD|Disney Channel +1 FHD|

Disney Channel +1 Full HD|Disney Channel +1 Full HD|

Disney Channel +1 HD|Disney Channel +1 HD|

Disney Channel +24|Disney Channel +24|

Disney Channel +24 FHD|Disney Channel +24 FHD|

Disney Channel +24 Full HD|Disney Channel +24 Full HD|

Disney Channel +24 HD|Disney Channel +24 HD|

Disney Channel FHD|Disney Channel FHD|

Disney Channel FHD +1|Disney Channel FHD +1|

Disney Channel FHD +24|Disney Channel FHD +24|

Disney Channel Full HD|Disney Channel Full HD|

Disney Channel Full HD +1|Disney Channel Full HD +1|

Disney Channel Full HD +24|Disney Channel Full HD +24|

Disney Channel HD|Disney Channel HD|

Disney Channel HD +1|Disney Channel HD +1|

Disney Channel HD +24|Disney Channel HD +24|

Disney Channel SD|Disney Channel SD|

Disney Junior|Disney Junior|

Disney Junior +1|Disney Junior +1|

Disney Junior +1 FHD|Disney Junior +1 FHD|

Disney Junior +1 Full HD|Disney Junior +1 Full HD|

Disney Junior +1 HD|Disney Junior +1 HD|

Disney Junior +24|Disney Junior +24|

Disney Junior +24 FHD|Disney Junior +24 FHD|

Disney Junior +24 Full HD|Disney Junior +24 Full HD|

Disney Junior +24 HD|Disney Junior +24 HD|

Disney Junior FHD|Disney Junior FHD|

Disney Junior FHD +1|Disney Junior FHD +1|

Disney Junior FHD +24|Disney Junior FHD +24|

Disney Junior Full HD|Disney Junior Full HD|

Disney Junior Full HD +1|Disney Junior Full HD +1|

Disney Junior Full HD +24|Disney Junior Full HD +24|

Disney Junior HD|Disney Junior HD|

Disney Junior HD +1|Disney Junior HD +1|

Disney Junior HD +24|Disney Junior HD +24|

Disney Junior SD|Disney Junior SD|

Dmax|Dmax|

Dmax +1|Dmax +1|

Dmax +1 FHD|Dmax +1 FHD|

Dmax +1 Full HD|Dmax +1 Full HD|

Dmax +1 HD|Dmax +1 HD|

Dmax FHD|Dmax FHD|

Dmax FHD +1|Dmax FHD +1|

Dmax Full HD|Dmax Full HD|

Dmax Full HD +1|Dmax Full HD +1|

Dmax HD|Dmax HD|

Dmax HD +1|Dmax HD +1|

Dmax SD|Dmax SD|

Dove TV|Dove TV|

Dove TV +1|Dove TV +1|

Dove TV +1 FHD|Dove TV +1 FHD|

Dove TV +1 Full HD|Dove TV +1 Full HD|

Dove TV +1 HD|Dove TV +1 HD|

Dove TV FHD|Dove TV FHD|

Dove TV FHD +1|Dove TV FHD +1|

Dove TV Full HD|Dove TV Full HD|

Dove TV Full HD +1|Dove TV Full HD +1|

Dove TV HD|Dove TV HD|

Dove TV HD +1|Dove TV HD +1|

Dove TV SD|Dove TV SD|

Eurosport 1|Eurosport 1|

Eurosport 1 FHD|Eurosport 1 FHD|

Eurosport 1 Full HD|Eurosport 1 Full HD|

Eurosport 1 HD|Eurosport 1 HD|

Eurosport 2|Eurosport 2|

Eurosport 2 FHD|Eurosport 2 FHD|

Eurosport 2 Full HD|Eurosport 2 Full HD|

Eurosport 2 HD|Eurosport 2 HD|

Focus|Focus|

Food Network|Food Network|

Food Network +1|Food Network +1|

Food Network +1 FHD|Food Network +1 FHD|

Food Network +1 Full HD|Food Network +1 Full HD|

Food Network +1 HD|Food Network +1 HD|

Food Network FHD|Food Network FHD|

Food Network FHD +1|Food Network FHD +1|

Food Network Full HD|Food Network Full HD|

Food Network Full HD +1|Food Network Full HD +1|

Food Network HD|Food Network HD|

Food Network HD +1|Food Network HD +1|

Food Network SD|Food Network SD|

Fox|Fox|

Fox +1|Fox +1|

Fox +1 FHD|Fox +1 FHD|

Fox +1 Full HD|Fox +1 Full HD|

Fox +1 HD|Fox +1 HD|

Fox +24|Fox +24|

Fox +24 FHD|Fox +24 FHD|

Fox +24 Full HD|Fox +24 Full HD|

Fox +24 HD|Fox +24 HD|

Fox Crime|Fox Crime|

Fox Crime +1|Fox Crime +1|

Fox Crime +1 FHD|Fox Crime +1 FHD|

Fox Crime +1 Full HD|Fox Crime +1 Full HD|

Fox Crime +1 HD|Fox Crime +1 HD|

Fox Crime +24|Fox Crime +24|

Fox Crime +24 FHD|Fox Crime +24 FHD|

Fox Crime +24 Full HD|Fox Crime +24 Full HD|

Fox Crime +24 HD|Fox Crime +24 HD|

Fox Crime FHD|Fox Crime FHD|

Fox Crime FHD +1|Fox Crime FHD +1|

Fox Crime FHD +24|Fox Crime FHD +24|

Fox Crime Full HD|Fox Crime Full HD|

Fox Crime Full HD +1|Fox Crime Full HD +1|

Fox Crime Full HD +24|Fox Crime Full HD +24|

Fox Crime HD|Fox Crime HD|

Fox Crime HD +1|Fox Crime HD +1|

Fox Crime HD +24|Fox Crime HD +24|

Fox Crime SD|Fox Crime SD|

Fox FHD|Fox FHD|

Fox FHD +1|Fox FHD +1|

Fox FHD +24|Fox FHD +24|

Fox Full HD|Fox Full HD|

Fox Full HD +1|Fox Full HD +1|

Fox Full HD +24|Fox Full HD +24|

Fox HD|Fox HD|

Fox HD +1|Fox HD +1|

Fox HD +24|Fox HD +24|

Fox Life|Fox Life|

Fox Life +1|Fox Life +1|

Fox Life +1 FHD|Fox Life +1 FHD|

Fox Life +1 Full HD|Fox Life +1 Full HD|

Fox Life +1 HD|Fox Life +1 HD|

Fox Life +24|Fox Life +24|

Fox Life +24 FHD|Fox Life +24 FHD|

Fox Life +24 Full HD|Fox Life +24 Full HD|

Fox Life +24 HD|Fox Life +24 HD|

Fox Life FHD|Fox Life FHD|

Fox Life FHD +1|Fox Life FHD +1|

Fox Life FHD +24|Fox Life FHD +24|

Fox Life Full HD|Fox Life Full HD|

Fox Life Full HD +1|Fox Life Full HD +1|

Fox Life Full HD +24|Fox Life Full HD +24|

Fox Life HD|Fox Life HD|

Fox Life HD +1|Fox Life HD +1|

Fox Life HD +24|Fox Life HD +24|

Fox Life SD|Fox Life SD|

Fox SD|Fox SD|

Gambero Rosso|Gambero Rosso|

Gambero Rosso +1|Gambero Rosso +1|

Gambero Rosso +1 FHD|Gambero Rosso +1 FHD|

Gambero Rosso +1 Full HD|Gambero Rosso +1 Full HD|

Gambero Rosso +1 HD|Gambero Rosso +1 HD|

Gambero Rosso +24|Gambero Rosso +24|

Gambero Rosso +24 FHD|Gambero Rosso +24 FHD|

Gambero Rosso +24 Full HD|Gambero Rosso +24 Full HD|

Gambero Rosso +24 HD|Gambero Rosso +24 HD|

Gambero Rosso FHD|Gambero Rosso FHD|

Gambero Rosso FHD +1|Gambero Rosso FHD +1|

Gambero Rosso FHD +24|Gambero Rosso FHD +24|

Gambero Rosso Full HD|Gambero Rosso Full HD|

Gambero Rosso Full HD +1|Gambero Rosso Full HD +1|

Gambero Rosso Full HD +24|Gambero Rosso Full HD +24|

Gambero Rosso HD|Gambero Rosso HD|

Gambero Rosso HD +1|Gambero Rosso HD +1|

Gambero Rosso HD +24|Gambero Rosso HD +24|

Gambero Rosso SD|Gambero Rosso SD|

Giallo|Giallo|

Giallo +1|Giallo +1|

Giallo +1 FHD|Giallo +1 FHD|

Giallo +1 Full HD|Giallo +1 Full HD|

Giallo +1 HD|Giallo +1 HD|

Giallo +24|Giallo +24|

Giallo +24 FHD|Giallo +24 FHD|

Giallo +24 Full HD|Giallo +24 Full HD|

Giallo +24 HD|Giallo +24 HD|

Giallo FHD|Giallo FHD|

Giallo FHD +1|Giallo FHD +1|

Giallo FHD +24|Giallo FHD +24|

Giallo Full HD|Giallo Full HD|

Giallo Full HD +1|Giallo Full HD +1|

Giallo Full HD +24|Giallo Full HD +24|

Giallo HD|Giallo HD|

Giallo HD +1|Giallo HD +1|

Giallo HD +24|Giallo HD +24|

Giallo SD|Giallo SD|

History|History|

History +1|History +1|

History +1 FHD|History +1 FHD|

History +1 Full HD|History +1 Full HD|

History +1 HD|History +1 HD|

History +24|History +24|

History +24 FHD|History +24 FHD|

History +24 Full HD|History +24 Full HD|

History +24 HD|History +24 HD|

History FHD|History FHD|

History FHD +1|History FHD +1|

History FHD +24|History FHD +24|

History Full HD|History Full HD|

History Full HD +1|History Full HD +1|

History Full HD +24|History Full HD +24|

History HD|History HD|

History HD +1|History HD +1|

History HD +24|History HD +24|

History SD|History SD|

Iris|Iris|

Italia 1|Italia 1|

Italia 1 +1|Italia 1 +1|

Italia 1 +1 FHD|Italia 1 +1 FHD|

Italia 1 +1 Full HD|Italia 1 +1 Full HD|

Italia 1 +1 HD|Italia 1 +1 HD|

Italia 1 +24|Italia 1 +24|

Italia 1 +24 FHD|Italia 1 +24 FHD|

Italia 1 +24 Full HD|Italia 1 +24 Full HD|

Italia 1 +24 HD|Italia 1 +24 HD|

Italia 1 FHD|Italia 1 FHD|

Italia 1 FHD +1|Italia 1 FHD +1|

Italia 1 FHD +24|Italia 1 FHD +24|

Italia 1 Full HD|Italia 1 Full HD|

Italia 1 Full HD +1|Italia 1 Full HD +1|

Italia 1 Full HD +24|Italia 1 Full HD +24|

Italia 1 HD|Italia 1 HD|

Italia 1 HD +1|Italia 1 HD +1|

Italia 1 HD +24|Italia 1 HD +24|

Italia 1 SD|Italia 1 SD|

Italia 2|Italia 2|

Italia 2 +1|Italia 2 +1|

Italia 2 +1 FHD|Italia 2 +1 FHD|

Italia 2 +1 Full HD|Italia 2 +1 Full HD|

Italia 2 +1 HD|Italia 2 +1 HD|

Italia 2 +24|Italia 2 +24|

Italia 2 +24 FHD|Italia 2 +24 FHD|

Italia 2 +24 Full HD|Italia 2 +24 Full HD|

Italia 2 +24 HD|Italia 2 +24 HD|

Italia 2 FHD|Italia 2 FHD|

Italia 2 FHD +1|Italia 2 FHD +1|

Italia 2 FHD +24|Italia 2 FHD +24|

Italia 2 Full HD|Italia 2 Full HD|

Italia 2 Full HD +1|Italia 2 Full HD +1|

Italia 2 Full HD +24|Italia 2 Full HD +24|

Italia 2 HD|Italia 2 HD|

Italia 2 HD +1|Italia 2 HD +1|

Italia 2 HD +24|Italia 2 HD +24|

Italia 2 SD|Italia 2 SD|

La 5|La 5|

La 5 +1|La 5 +1|

La 5 +1 FHD|La 5 +1 FHD|

La 5 +1 Full HD|La 5 +1 Full HD|

La 5 +1 HD|La 5 +1 HD|

La 5 +24|La 5 +24|

La 5 +24 FHD|La 5 +24 FHD|

La 5 +24 Full HD|La 5 +24 Full HD|

La 5 +24 HD|La 5 +24 HD|

La 5 FHD|La 5 FHD|

La 5 FHD +1|La 5 FHD +1|

La 5 FHD +24|La 5 FHD +24|

La 5 Full HD|La 5 Full HD|

La 5 Full HD +1|La 5 Full HD +1|

La 5 Full HD +24|La 5 Full HD +24|

La 5 HD|La 5 HD|

La 5 HD +1|La 5 HD +1|

La 5 HD +24|La 5 HD +24|

La 5 SD|La 5 SD|

La 7|La 7|

La 7 +1|La 7 +1|

La 7 +1 FHD|La 7 +1 FHD|

La 7 +1 Full HD|La 7 +1 Full HD|

La 7 +1 HD|La 7 +1 HD|

La 7 +24|La 7 +24|

La 7 +24 FHD|La 7 +24 FHD|

La 7 +24 Full HD|La 7 +24 Full HD|

La 7 +24 HD|La 7 +24 HD|

La 7 FHD|La 7 FHD|

La 7 FHD +1|La 7 FHD +1|

La 7 FHD +24|La 7 FHD +24|

La 7 Full HD|La 7 Full HD|

La 7 Full HD +1|La 7 Full HD +1|

La 7 Full HD +24|La 7 Full HD +24|

La 7 HD|La 7 HD|

La 7 HD +1|La 7 HD +1|

La 7 HD +24|La 7 HD +24|

La 7 SD|La 7 SD|

La 7d|La 7d|

La 7d +1|La 7d +1|

La 7d +1 FHD|La 7d +1 FHD|

La 7d +1 Full HD|La 7d +1 Full HD|

La 7d +1 HD|La 7d +1 HD|

La 7d +24|La 7d +24|

La 7d +24 FHD|La 7d +24 FHD|

La 7d +24 Full HD|La 7d +24 Full HD|

La 7d +24 HD|La 7d +24 HD|

La 7d FHD|La 7d FHD|

La 7d FHD +1|La 7d FHD +1|

La 7d FHD +24|La 7d FHD +24|

La 7d Full HD|La 7d Full HD|

La 7d Full HD +1|La 7d Full HD +1|

La 7d Full HD +24|La 7d Full HD +24|

La 7d HD|La 7d HD|

La 7d HD +1|La 7d HD +1|

La 7d HD +24|La 7d HD +24|

La 7d SD|La 7d SD|

LaEffe|LaEffe|

LaEffe +1|LaEffe +1|

LaEffe +1 FHD|LaEffe +1 FHD|

LaEffe +1 Full HD|LaEffe +1 Full HD|

LaEffe +1 HD|LaEffe +1 HD|

LaEffe +24|LaEffe +24|

LaEffe +24 FHD|LaEffe +24 FHD|

LaEffe +24 Full HD|LaEffe +24 Full HD|

LaEffe +24 HD|LaEffe +24 HD|

LaEffe FHD|LaEffe FHD|

LaEffe FHD +1|LaEffe FHD +1|

LaEffe FHD +24|LaEffe FHD +24|

LaEffe Full HD|LaEffe Full HD|

LaEffe Full HD +1|LaEffe Full HD +1|

LaEffe Full HD +24|LaEffe Full HD +24|

LaEffe HD|LaEffe HD|

LaEffe HD +1|LaEffe HD +1|

LaEffe HD +24|LaEffe HD +24|

LaEffe SD|LaEffe SD|

Lei|Lei|

Lei +1|Lei +1|

Lei +1 FHD|Lei +1 FHD|

Lei +1 Full HD|Lei +1 Full HD|

Lei +1 HD|Lei +1 HD|

Lei +24|Lei +24|

Lei +24 FHD|Lei +24 FHD|

Lei +24 Full HD|Lei +24 Full HD|

Lei +24 HD|Lei +24 HD|

Lei FHD|Lei FHD|

Lei FHD +1|Lei FHD +1|

Lei FHD +24|Lei FHD +24|

Lei Full HD|Lei Full HD|

Lei Full HD +1|Lei Full HD +1|

Lei Full HD +24|Lei Full HD +24|

Lei HD|Lei HD|

Lei HD +1|Lei HD +1|

Lei HD +24|Lei HD +24|

Lei SD|Lei SD|

Manga|Manga|

Manga +1|Manga +1|

Manga +1 FHD|Manga +1 FHD|

Manga +1 Full HD|Manga +1 Full HD|

Manga +1 HD|Manga +1 HD|

Manga FHD|Manga FHD|

Manga FHD +1|Manga FHD +1|

Manga Full HD|Manga Full HD|

Manga Full HD +1|Manga Full HD +1|

Manga HD|Manga HD|

Manga HD +1|Manga HD +1|

Manga SD|Manga SD|

Marcopolo|Marcopolo|

Mediaset Extra|Mediaset Extra|

Mediaset Extra +1|Mediaset Extra +1|

Mediaset Extra +1 FHD|Mediaset Extra +1 FHD|

Mediaset Extra +1 Full HD|Mediaset Extra +1 Full HD|

Mediaset Extra +1 HD|Mediaset Extra +1 HD|

Mediaset Extra +24|Mediaset Extra +24|

Mediaset Extra +24 FHD|Mediaset Extra +24 FHD|

Mediaset Extra +24 Full HD|Mediaset Extra +24 Full HD|

Mediaset Extra +24 HD|Mediaset Extra +24 HD|

Mediaset Extra FHD|Mediaset Extra FHD|

Mediaset Extra FHD +1|Mediaset Extra FHD +1|

Mediaset Extra FHD +24|Mediaset Extra FHD +24|

Mediaset Extra Full HD|Mediaset Extra Full HD|

Mediaset Extra Full HD +1|Mediaset Extra Full HD +1|

Mediaset Extra Full HD +24|Mediaset Extra Full HD +24|

Mediaset Extra HD|Mediaset Extra HD|

Mediaset Extra HD +1|Mediaset Extra HD +1|

Mediaset Extra HD +24|Mediaset Extra HD +24|

Mediaset Extra SD|Mediaset Extra SD|

Nat Geo Wild|Nat Geo Wild|

Nat Geo Wild +1|Nat Geo Wild +1|

Nat Geo Wild +1 FHD|Nat Geo Wild +1 FHD|

Nat Geo Wild +1 Full HD|Nat Geo Wild +1 Full HD|

Nat Geo Wild +1 HD|Nat Geo Wild +1 HD|

Nat Geo Wild +24|Nat Geo Wild +24|

Nat Geo Wild +24 FHD|Nat Geo Wild +24 FHD|

Nat Geo Wild +24 Full HD|Nat Geo Wild +24 Full HD|

Nat Geo Wild +24 HD|Nat Geo Wild +24 HD|

Nat Geo Wild FHD|Nat Geo Wild FHD|

Nat Geo Wild FHD +1|Nat Geo Wild FHD +1|

Nat Geo Wild FHD +24|Nat Geo Wild FHD +24|

Nat Geo Wild Full HD|Nat Geo Wild Full HD|

Nat Geo Wild Full HD +1|Nat Geo Wild Full HD +1|

Nat Geo Wild Full HD +24|Nat Geo Wild Full HD +24|

Nat Geo Wild HD|Nat Geo Wild HD|

Nat Geo Wild HD +1|Nat Geo Wild HD +1|

Nat Geo Wild HD +24|Nat Geo Wild HD +24|

Nat Geo Wild SD|Nat Geo Wild SD|

National Geographic|National Geographic|

National Geographic +1|National Geographic +1|

National Geographic +1 FHD|National Geographic +1 FHD|

National Geographic +1 Full HD|National Geographic +1 Full HD|

National Geographic +1 HD|National Geographic +1 HD|

National Geographic +24|National Geographic +24|

National Geographic +24 FHD|National Geographic +24 FHD|

National Geographic +24 Full HD|National Geographic +24 Full HD|

National Geographic +24 HD|National Geographic +24 HD|

National Geographic FHD|National Geographic FHD|

National Geographic FHD +1|National Geographic FHD +1|

National Geographic FHD +24|National Geographic FHD +24|

National Geographic Full HD|National Geographic Full HD|

National Geographic Full HD +1|National Geographic Full HD +1|

National Geographic Full HD +24|National Geographic Full HD +24|

National Geographic HD|National Geographic HD|

National Geographic HD +1|National Geographic HD +1|

National Geographic HD +24|National Geographic HD +24|

National Geographic SD|National Geographic SD|

Nick Junior|Nick Junior|

Nick Junior +1|Nick Junior +1|

Nick Junior +1 FHD|Nick Junior +1 FHD|

Nick Junior +1 Full HD|Nick Junior +1 Full HD|

Nick Junior +1 HD|Nick Junior +1 HD|

Nick Junior +24|Nick Junior +24|

Nick Junior +24 FHD|Nick Junior +24 FHD|

Nick Junior +24 Full HD|Nick Junior +24 Full HD|

Nick Junior +24 HD|Nick Junior +24 HD|

Nick Junior FHD|Nick Junior FHD|

Nick Junior FHD +1|Nick Junior FHD +1|

Nick Junior FHD +24|Nick Junior FHD +24|

Nick Junior Full HD|Nick Junior Full HD|

Nick Junior Full HD +1|Nick Junior Full HD +1|

Nick Junior Full HD +24|Nick Junior Full HD +24|

Nick Junior HD|Nick Junior HD|

Nick Junior HD +1|Nick Junior HD +1|

Nick Junior HD +24|Nick Junior HD +24|

Nick Junior SD|Nick Junior SD|

Nickelodeon|Nickelodeon|

Nickelodeon +1|Nickelodeon +1|

Nickelodeon +1 FHD|Nickelodeon +1 FHD|

Nickelodeon +1 Full HD|Nickelodeon +1 Full HD|

Nickelodeon +1 HD|Nickelodeon +1 HD|

Nickelodeon +24|Nickelodeon +24|

Nickelodeon +24 FHD|Nickelodeon +24 FHD|

Nickelodeon +24 Full HD|Nickelodeon +24 Full HD|

Nickelodeon +24 HD|Nickelodeon +24 HD|

Nickelodeon FHD|Nickelodeon FHD|

Nickelodeon FHD +1|Nickelodeon FHD +1|

Nickelodeon FHD +24|Nickelodeon FHD +24|

Nickelodeon Full HD|Nickelodeon Full HD|

Nickelodeon Full HD +1|Nickelodeon Full HD +1|

Nickelodeon Full HD +24|Nickelodeon Full HD +24|

Nickelodeon HD|Nickelodeon HD|

Nickelodeon HD +1|Nickelodeon HD +1|

Nickelodeon HD +24|Nickelodeon HD +24|

Nickelodeon SD|Nickelodeon SD|

Nove|Nove|

Nove +1|Nove +1|

Nove +1 FHD|Nove +1 FHD|

Nove +1 Full HD|Nove +1 Full HD|

Nove +1 HD|Nove +1 HD|

Nove +24|Nove +24|

Nove +24 FHD|Nove +24 FHD|

Nove +24 Full HD|Nove +24 Full HD|

Nove +24 HD|Nove +24 HD|

Nove FHD|Nove FHD|

Nove FHD +1|Nove FHD +1|

Nove FHD +24|Nove FHD +24|

Nove Full HD|Nove Full HD|

Nove Full HD +1|Nove Full HD +1|

Nove Full HD +24|Nove Full HD +24|

Nove HD|Nove HD|

Nove HD +1|Nove HD +1|

Nove HD +24|Nove HD +24|

Nove SD|Nove SD|

Paramount Channel|Paramount Channel|

Paramount Channel +1|Paramount Channel +1|

Paramount Channel +1 FHD|Paramount Channel +1 FHD|

Paramount Channel +1 Full HD|Paramount Channel +1 Full HD|

Paramount Channel +1 HD|Paramount Channel +1 HD|

Paramount Channel +24|Paramount Channel +24|

Paramount Channel +24 FHD|Paramount Channel +24 FHD|

Paramount Channel +24 Full HD|Paramount Channel +24 Full HD|

Paramount Channel +24 HD|Paramount Channel +24 HD|

Paramount Channel FHD|Paramount Channel FHD|

Paramount Channel FHD +1|Paramount Channel FHD +1|

Paramount Channel FHD +24|Paramount Channel FHD +24|

Paramount Channel Full HD|Paramount Channel Full HD|

Paramount Channel Full HD +1|Paramount Channel Full HD +1|

Paramount Channel Full HD +24|Paramount Channel Full HD +24|

Paramount Channel HD|Paramount Channel HD|

Paramount Channel HD +1|Paramount Channel HD +1|

Paramount Channel HD +24|Paramount Channel HD +24|

Paramount Channel SD|Paramount Channel SD|

Pesca &amp; Caccia|Pesca &amp; Caccia|

Pesca &amp; Caccia +1|Pesca &amp; Caccia +1|

Pesca &amp; Caccia +1 FHD|Pesca &amp; Caccia +1 FHD|

Pesca &amp; Caccia +1 Full HD|Pesca &amp; Caccia +1 Full HD|

Pesca &amp; Caccia +1 HD|Pesca &amp; Caccia +1 HD|

Pesca &amp; Caccia +24|Pesca &amp; Caccia +24|

Pesca &amp; Caccia +24 FHD|Pesca &amp; Caccia +24 FHD|

Pesca &amp; Caccia +24 Full HD|Pesca &amp; Caccia +24 Full HD|

Pesca &amp; Caccia +24 HD|Pesca &amp; Caccia +24 HD|

Pesca &amp; Caccia FHD|Pesca &amp; Caccia FHD|

Pesca &amp; Caccia FHD +1|Pesca &amp; Caccia FHD +1|

Pesca &amp; Caccia FHD +24|Pesca &amp; Caccia FHD +24|

Pesca &amp; Caccia Full HD|Pesca &amp; Caccia Full HD|

Pesca &amp; Caccia Full HD +1|Pesca &amp; Caccia Full HD +1|

Pesca &amp; Caccia Full HD +24|Pesca &amp; Caccia Full HD +24|

Pesca &amp; Caccia HD|Pesca &amp; Caccia HD|

Pesca &amp; Caccia HD +1|Pesca &amp; Caccia HD +1|

Pesca &amp; Caccia HD +24|Pesca &amp; Caccia HD +24|

Pesca &amp; Caccia SD|Pesca &amp; Caccia SD|

Premium Action|Premium Action|

Premium Action +1|Premium Action +1|

Premium Action +1 FHD|Premium Action +1 FHD|

Premium Action +1 Full HD|Premium Action +1 Full HD|

Premium Action +1 HD|Premium Action +1 HD|

Premium Action +24|Premium Action +24|

Premium Action +24 FHD|Premium Action +24 FHD|

Premium Action +24 Full HD|Premium Action +24 Full HD|

Premium Action +24 HD|Premium Action +24 HD|

Premium Action FHD|Premium Action FHD|

Premium Action FHD +1|Premium Action FHD +1|

Premium Action FHD +24|Premium Action FHD +24|

Premium Action Full HD|Premium Action Full HD|

Premium Action Full HD +1|Premium Action Full HD +1|

Premium Action Full HD +24|Premium Action Full HD +24|

Premium Action HD|Premium Action HD|

Premium Action HD +1|Premium Action HD +1|

Premium Action HD +24|Premium Action HD +24|

Premium Action SD|Premium Action SD|

Premium Cinema|Premium Cinema|

Premium Cinema +1|Premium Cinema +1|

Premium Cinema +1 FHD|Premium Cinema +1 FHD|

Premium Cinema +1 Full HD|Premium Cinema +1 Full HD|

Premium Cinema +1 HD|Premium Cinema +1 HD|

Premium Cinema +24|Premium Cinema +24|

Premium Cinema +24 FHD|Premium Cinema +24 FHD|

Premium Cinema +24 Full HD|Premium Cinema +24 Full HD|

Premium Cinema +24 HD|Premium Cinema +24 HD|

Premium Cinema Comedy|Premium Cinema Comedy|

Premium Cinema Comedy +1|Premium Cinema Comedy +1|

Premium Cinema Comedy +1 FHD|Premium Cinema Comedy +1 FHD|

Premium Cinema Comedy +1 Full HD|Premium Cinema Comedy +1 Full HD|

Premium Cinema Comedy +1 HD|Premium Cinema Comedy +1 HD|

Premium Cinema Comedy +24|Premium Cinema Comedy +24|

Premium Cinema Comedy +24 FHD|Premium Cinema Comedy +24 FHD|

Premium Cinema Comedy +24 Full HD|Premium Cinema Comedy +24 Full HD|

Premium Cinema Comedy +24 HD|Premium Cinema Comedy +24 HD|

Premium Cinema Comedy FHD|Premium Cinema Comedy FHD|

Premium Cinema Comedy FHD +1|Premium Cinema Comedy FHD +1|

Premium Cinema Comedy FHD +24|Premium Cinema Comedy FHD +24|

Premium Cinema Comedy Full HD|Premium Cinema Comedy Full HD|

Premium Cinema Comedy Full HD +1|Premium Cinema Comedy Full HD +1|

Premium Cinema Comedy Full HD +24|Premium Cinema Comedy Full HD +24|

Premium Cinema Comedy HD|Premium Cinema Comedy HD|

Premium Cinema Comedy HD +1|Premium Cinema Comedy HD +1|

Premium Cinema Comedy HD +24|Premium Cinema Comedy HD +24|

Premium Cinema Comedy SD|Premium Cinema Comedy SD|

Premium Cinema Emotion|Premium Cinema Emotion|

Premium Cinema Emotion +1|Premium Cinema Emotion +1|

Premium Cinema Emotion +1 FHD|Premium Cinema Emotion +1 FHD|

Premium Cinema Emotion +1 Full HD|Premium Cinema Emotion +1 Full HD|

Premium Cinema Emotion +1 HD|Premium Cinema Emotion +1 HD|

Premium Cinema Emotion +24|Premium Cinema Emotion +24|

Premium Cinema Emotion +24 FHD|Premium Cinema Emotion +24 FHD|

Premium Cinema Emotion +24 Full HD|Premium Cinema Emotion +24 Full HD|

Premium Cinema Emotion +24 HD|Premium Cinema Emotion +24 HD|

Premium Cinema Emotion FHD|Premium Cinema Emotion FHD|

Premium Cinema Emotion FHD +1|Premium Cinema Emotion FHD +1|

Premium Cinema Emotion FHD +24|Premium Cinema Emotion FHD +24|

Premium Cinema Emotion Full HD|Premium Cinema Emotion Full HD|

Premium Cinema Emotion Full HD +1|Premium Cinema Emotion Full HD +1|

Premium Cinema Emotion Full HD +24|Premium Cinema Emotion Full HD +24|

Premium Cinema Emotion HD|Premium Cinema Emotion HD|

Premium Cinema Emotion HD +1|Premium Cinema Emotion HD +1|

Premium Cinema Emotion HD +24|Premium Cinema Emotion HD +24|

Premium Cinema Emotion SD|Premium Cinema Emotion SD|

Premium Cinema Energy|Premium Cinema Energy|

Premium Cinema Energy +1|Premium Cinema Energy +1|

Premium Cinema Energy +1 FHD|Premium Cinema Energy +1 FHD|

Premium Cinema Energy +1 Full HD|Premium Cinema Energy +1 Full HD|

Premium Cinema Energy +1 HD|Premium Cinema Energy +1 HD|

Premium Cinema Energy +24|Premium Cinema Energy +24|

Premium Cinema Energy +24 FHD|Premium Cinema Energy +24 FHD|

Premium Cinema Energy +24 Full HD|Premium Cinema Energy +24 Full HD|

Premium Cinema Energy +24 HD|Premium Cinema Energy +24 HD|

Premium Cinema Energy FHD|Premium Cinema Energy FHD|

Premium Cinema Energy FHD +1|Premium Cinema Energy FHD +1|

Premium Cinema Energy FHD +24|Premium Cinema Energy FHD +24|

Premium Cinema Energy Full HD|Premium Cinema Energy Full HD|

Premium Cinema Energy Full HD +1|Premium Cinema Energy Full HD +1|

Premium Cinema Energy Full HD +24|Premium Cinema Energy Full HD +24|

Premium Cinema Energy HD|Premium Cinema Energy HD|

Premium Cinema Energy HD +1|Premium Cinema Energy HD +1|

Premium Cinema Energy HD +24|Premium Cinema Energy HD +24|

Premium Cinema Energy SD|Premium Cinema Energy SD|

Premium Cinema FHD|Premium Cinema FHD|

Premium Cinema FHD +1|Premium Cinema FHD +1|

Premium Cinema FHD +24|Premium Cinema FHD +24|

Premium Cinema Full HD|Premium Cinema Full HD|

Premium Cinema Full HD +1|Premium Cinema Full HD +1|

Premium Cinema Full HD +24|Premium Cinema Full HD +24|

Premium Cinema HD|Premium Cinema HD|

Premium Cinema HD +1|Premium Cinema HD +1|

Premium Cinema HD +24|Premium Cinema HD +24|

Premium Cinema SD|Premium Cinema SD|

Premium Crime|Premium Crime|

Premium Crime +1|Premium Crime +1|

Premium Crime +1 FHD|Premium Crime +1 FHD|

Premium Crime +1 Full HD|Premium Crime +1 Full HD|

Premium Crime +1 HD|Premium Crime +1 HD|

Premium Crime +24|Premium Crime +24|

Premium Crime +24 FHD|Premium Crime +24 FHD|

Premium Crime +24 Full HD|Premium Crime +24 Full HD|

Premium Crime +24 HD|Premium Crime +24 HD|

Premium Crime FHD|Premium Crime FHD|

Premium Crime FHD +1|Premium Crime FHD +1|

Premium Crime FHD +24|Premium Crime FHD +24|

Premium Crime Full HD|Premium Crime Full HD|

Premium Crime Full HD +1|Premium Crime Full HD +1|

Premium Crime Full HD +24|Premium Crime Full HD +24|

Premium Crime HD|Premium Crime HD|

Premium Crime HD +1|Premium Crime HD +1|

Premium Crime HD +24|Premium Crime HD +24|

Premium Crime SD|Premium Crime SD|

Premium Stories|Premium Stories|

Premium Stories +1|Premium Stories +1|

Premium Stories +1 FHD|Premium Stories +1 FHD|

Premium Stories +1 Full HD|Premium Stories +1 Full HD|

Premium Stories +1 HD|Premium Stories +1 HD|

Premium Stories +24|Premium Stories +24|

Premium Stories +24 FHD|Premium Stories +24 FHD|

Premium Stories +24 Full HD|Premium Stories +24 Full HD|

Premium Stories +24 HD|Premium Stories +24 HD|

Premium Stories FHD|Premium Stories FHD|

Premium Stories FHD +1|Premium Stories FHD +1|

Premium Stories FHD +24|Premium Stories FHD +24|

Premium Stories Full HD|Premium Stories Full HD|

Premium Stories Full HD +1|Premium Stories Full HD +1|

Premium Stories Full HD +24|Premium Stories Full HD +24|

Premium Stories HD|Premium Stories HD|

Premium Stories HD +1|Premium Stories HD +1|

Premium Stories HD +24|Premium Stories HD +24|

Premium Stories SD|Premium Stories SD|

Prima Fila 1|Prima Fila 1|

Prima Fila 1 FHD|Prima Fila 1 FHD|

Prima Fila 1 Full HD|Prima Fila 1 Full HD|

Prima Fila 1 HD|Prima Fila 1 HD|

Prima Fila 10|Prima Fila 10|

Prima Fila 10 FHD|Prima Fila 10 FHD|

Prima Fila 10 Full HD|Prima Fila 10 Full HD|

Prima Fila 10 HD|Prima Fila 10 HD|

Prima Fila 11|Prima Fila 11|

Prima Fila 11 FHD|Prima Fila 11 FHD|

Prima Fila 11 Full HD|Prima Fila 11 Full HD|

Prima Fila 11 HD|Prima Fila 11 HD|

Prima Fila 12|Prima Fila 12|

Prima Fila 12 FHD|Prima Fila 12 FHD|

Prima Fila 12 Full HD|Prima Fila 12 Full HD|

Prima Fila 12 HD|Prima Fila 12 HD|

Prima Fila 13|Prima Fila 13|

Prima Fila 13 FHD|Prima Fila 13 FHD|

Prima Fila 13 Full HD|Prima Fila 13 Full HD|

Prima Fila 13 HD|Prima Fila 13 HD|

Prima Fila 14|Prima Fila 14|

Prima Fila 14 FHD|Prima Fila 14 FHD|

Prima Fila 14 Full HD|Prima Fila 14 Full HD|

Prima Fila 14 HD|Prima Fila 14 HD|

Prima Fila 15|Prima Fila 15|

Prima Fila 15 FHD|Prima Fila 15 FHD|

Prima Fila 15 Full HD|Prima Fila 15 Full HD|

Prima Fila 15 HD|Prima Fila 15 HD|

Prima Fila 16|Prima Fila 16|

Prima Fila 16 FHD|Prima Fila 16 FHD|

Prima Fila 16 Full HD|Prima Fila 16 Full HD|

Prima Fila 16 HD|Prima Fila 16 HD|

Prima Fila 17|Prima Fila 17|

Prima Fila 17 FHD|Prima Fila 17 FHD|

Prima Fila 17 Full HD|Prima Fila 17 Full HD|

Prima Fila 17 HD|Prima Fila 17 HD|

Prima Fila 18|Prima Fila 18|

Prima Fila 18 FHD|Prima Fila 18 FHD|

Prima Fila 18 Full HD|Prima Fila 18 Full HD|

Prima Fila 18 HD|Prima Fila 18 HD|

Prima Fila 2|Prima Fila 2|

Prima Fila 2 FHD|Prima Fila 2 FHD|

Prima Fila 2 Full HD|Prima Fila 2 Full HD|

Prima Fila 2 HD|Prima Fila 2 HD|

Prima Fila 3|Prima Fila 3|

Prima Fila 3 FHD|Prima Fila 3 FHD|

Prima Fila 3 Full HD|Prima Fila 3 Full HD|

Prima Fila 3 HD|Prima Fila 3 HD|

Prima Fila 4|Prima Fila 4|

Prima Fila 4 FHD|Prima Fila 4 FHD|

Prima Fila 4 Full HD|Prima Fila 4 Full HD|

Prima Fila 4 HD|Prima Fila 4 HD|

Prima Fila 5|Prima Fila 5|

Prima Fila 5 FHD|Prima Fila 5 FHD|

Prima Fila 5 Full HD|Prima Fila 5 Full HD|

Prima Fila 5 HD|Prima Fila 5 HD|

Prima Fila 6|Prima Fila 6|

Prima Fila 6 FHD|Prima Fila 6 FHD|

Prima Fila 6 Full HD|Prima Fila 6 Full HD|

Prima Fila 6 HD|Prima Fila 6 HD|

Prima Fila 7|Prima Fila 7|

Prima Fila 7 FHD|Prima Fila 7 FHD|

Prima Fila 7 Full HD|Prima Fila 7 Full HD|

Prima Fila 7 HD|Prima Fila 7 HD|

Prima Fila 8|Prima Fila 8|

Prima Fila 8 FHD|Prima Fila 8 FHD|

Prima Fila 8 Full HD|Prima Fila 8 Full HD|

Prima Fila 8 HD|Prima Fila 8 HD|

Prima Fila 9|Prima Fila 9|

Prima Fila 9 FHD|Prima Fila 9 FHD|

Prima Fila 9 Full HD|Prima Fila 9 Full HD|

Prima Fila 9 HD|Prima Fila 9 HD|

Primafila 1|Primafila 1|

Primafila 1 FHD|Primafila 1 FHD|

Primafila 1 Full HD|Primafila 1 Full HD|

Primafila 1 HD|Primafila 1 HD|

Primafila 10|Primafila 10|

Primafila 10 FHD|Primafila 10 FHD|

Primafila 10 Full HD|Primafila 10 Full HD|

Primafila 10 HD|Primafila 10 HD|

Primafila 11|Primafila 11|

Primafila 11 FHD|Primafila 11 FHD|

Primafila 11 Full HD|Primafila 11 Full HD|

Primafila 11 HD|Primafila 11 HD|

Primafila 12|Primafila 12|

Primafila 12 FHD|Primafila 12 FHD|

Primafila 12 Full HD|Primafila 12 Full HD|

Primafila 12 HD|Primafila 12 HD|

Primafila 13|Primafila 13|

Primafila 13 FHD|Primafila 13 FHD|

Primafila 13 Full HD|Primafila 13 Full HD|

Primafila 13 HD|Primafila 13 HD|

Primafila 14|Primafila 14|

Primafila 14 FHD|Primafila 14 FHD|

Primafila 14 Full HD|Primafila 14 Full HD|

Primafila 14 HD|Primafila 14 HD|

Primafila 15|Primafila 15|

Primafila 15 FHD|Primafila 15 FHD|

Primafila 15 Full HD|Primafila 15 Full HD|

Primafila 15 HD|Primafila 15 HD|

Primafila 16|Primafila 16|

Primafila 16 FHD|Primafila 16 FHD|

Primafila 16 Full HD|Primafila 16 Full HD|

Primafila 16 HD|Primafila 16 HD|

Primafila 17|Primafila 17|

Primafila 17 FHD|Primafila 17 FHD|

Primafila 17 Full HD|Primafila 17 Full HD|

Primafila 17 HD|Primafila 17 HD|

Primafila 18|Primafila 18|

Primafila 18 FHD|Primafila 18 FHD|

Primafila 18 Full HD|Primafila 18 Full HD|

Primafila 18 HD|Primafila 18 HD|

Primafila 2|Primafila 2|

Primafila 2 FHD|Primafila 2 FHD|

Primafila 2 Full HD|Primafila 2 Full HD|

Primafila 2 HD|Primafila 2 HD|

Primafila 3|Primafila 3|

Primafila 3 FHD|Primafila 3 FHD|

Primafila 3 Full HD|Primafila 3 Full HD|

Primafila 3 HD|Primafila 3 HD|

Primafila 4|Primafila 4|

Primafila 4 FHD|Primafila 4 FHD|

Primafila 4 Full HD|Primafila 4 Full HD|

Primafila 4 HD|Primafila 4 HD|

Primafila 5|Primafila 5|

Primafila 5 FHD|Primafila 5 FHD|

Primafila 5 Full HD|Primafila 5 Full HD|

Primafila 5 HD|Primafila 5 HD|

Primafila 6|Primafila 6|

Primafila 6 FHD|Primafila 6 FHD|

Primafila 6 Full HD|Primafila 6 Full HD|

Primafila 6 HD|Primafila 6 HD|

Primafila 7|Primafila 7|

Primafila 7 FHD|Primafila 7 FHD|

Primafila 7 Full HD|Primafila 7 Full HD|

Primafila 7 HD|Primafila 7 HD|

Primafila 8|Primafila 8|

Primafila 8 FHD|Primafila 8 FHD|

Primafila 8 Full HD|Primafila 8 Full HD|

Primafila 8 HD|Primafila 8 HD|

Primafila 9|Primafila 9|

Primafila 9 FHD|Primafila 9 FHD|

Primafila 9 Full HD|Primafila 9 Full HD|

Primafila 9 HD|Primafila 9 HD|

Rai 1|Rai 1|

Rai 1 +1|Rai 1 +1|

Rai 1 +1 FHD|Rai 1 +1 FHD|

Rai 1 +1 Full HD|Rai 1 +1 Full HD|

Rai 1 +1 HD|Rai 1 +1 HD|

Rai 1 +24|Rai 1 +24|

Rai 1 +24 FHD|Rai 1 +24 FHD|

Rai 1 +24 Full HD|Rai 1 +24 Full HD|

Rai 1 +24 HD|Rai 1 +24 HD|

Rai 1 FHD|Rai 1 FHD|

Rai 1 FHD +1|Rai 1 FHD +1|

Rai 1 FHD +24|Rai 1 FHD +24|

Rai 1 Full HD|Rai 1 Full HD|

Rai 1 Full HD +1|Rai 1 Full HD +1|

Rai 1 Full HD +24|Rai 1 Full HD +24|

Rai 1 HD|Rai 1 HD|

Rai 1 HD +1|Rai 1 HD +1|

Rai 1 HD +24|Rai 1 HD +24|

Rai 1 SD|Rai 1 SD|

Rai 2|Rai 2|

Rai 2 +1|Rai 2 +1|

Rai 2 +1 FHD|Rai 2 +1 FHD|

Rai 2 +1 Full HD|Rai 2 +1 Full HD|

Rai 2 +1 HD|Rai 2 +1 HD|

Rai 2 +24|Rai 2 +24|

Rai 2 +24 FHD|Rai 2 +24 FHD|

Rai 2 +24 Full HD|Rai 2 +24 Full HD|

Rai 2 +24 HD|Rai 2 +24 HD|

Rai 2 FHD|Rai 2 FHD|

Rai 2 FHD +1|Rai 2 FHD +1|

Rai 2 FHD +24|Rai 2 FHD +24|

Rai 2 Full HD|Rai 2 Full HD|

Rai 2 Full HD +1|Rai 2 Full HD +1|

Rai 2 Full HD +24|Rai 2 Full HD +24|

Rai 2 HD|Rai 2 HD|

Rai 2 HD +1|Rai 2 HD +1|

Rai 2 HD +24|Rai 2 HD +24|

Rai 2 SD|Rai 2 SD|

Rai 3|Rai 3|

Rai 3 +1|Rai 3 +1|

Rai 3 +1 FHD|Rai 3 +1 FHD|

Rai 3 +1 Full HD|Rai 3 +1 Full HD|

Rai 3 +1 HD|Rai 3 +1 HD|

Rai 3 +24|Rai 3 +24|

Rai 3 +24 FHD|Rai 3 +24 FHD|

Rai 3 +24 Full HD|Rai 3 +24 Full HD|

Rai 3 +24 HD|Rai 3 +24 HD|

Rai 3 FHD|Rai 3 FHD|

Rai 3 FHD +1|Rai 3 FHD +1|

Rai 3 FHD +24|Rai 3 FHD +24|

Rai 3 Full HD|Rai 3 Full HD|

Rai 3 Full HD +1|Rai 3 Full HD +1|

Rai 3 Full HD +24|Rai 3 Full HD +24|

Rai 3 HD|Rai 3 HD|

Rai 3 HD +1|Rai 3 HD +1|

Rai 3 HD +24|Rai 3 HD +24|

Rai 3 SD|Rai 3 SD|

Rai 4|Rai 4|

Rai 4 +1|Rai 4 +1|

Rai 4 +1 FHD|Rai 4 +1 FHD|

Rai 4 +1 Full HD|Rai 4 +1 Full HD|

Rai 4 +1 HD|Rai 4 +1 HD|

Rai 4 +24|Rai 4 +24|

Rai 4 +24 FHD|Rai 4 +24 FHD|

Rai 4 +24 Full HD|Rai 4 +24 Full HD|

Rai 4 +24 HD|Rai 4 +24 HD|

Rai 4 FHD|Rai 4 FHD|

Rai 4 FHD +1|Rai 4 FHD +1|

Rai 4 FHD +24|Rai 4 FHD +24|

Rai 4 Full HD|Rai 4 Full HD|

Rai 4 Full HD +1|Rai 4 Full HD +1|

Rai 4 Full HD +24|Rai 4 Full HD +24|

Rai 4 HD|Rai 4 HD|

Rai 4 HD +1|Rai 4 HD +1|

Rai 4 HD +24|Rai 4 HD +24|

Rai 4 SD|Rai 4 SD|

Rai 5|Rai 5|

Rai 5 +1|Rai 5 +1|

Rai 5 +1 FHD|Rai 5 +1 FHD|

Rai 5 +1 Full HD|Rai 5 +1 Full HD|

Rai 5 +1 HD|Rai 5 +1 HD|

Rai 5 +24|Rai 5 +24|

Rai 5 +24 FHD|Rai 5 +24 FHD|

Rai 5 +24 Full HD|Rai 5 +24 Full HD|

Rai 5 +24 HD|Rai 5 +24 HD|

Rai 5 FHD|Rai 5 FHD|

Rai 5 FHD +1|Rai 5 FHD +1|

Rai 5 FHD +24|Rai 5 FHD +24|

Rai 5 Full HD|Rai 5 Full HD|

Rai 5 Full HD +1|Rai 5 Full HD +1|

Rai 5 Full HD +24|Rai 5 Full HD +24|

Rai 5 HD|Rai 5 HD|

Rai 5 HD +1|Rai 5 HD +1|

Rai 5 HD +24|Rai 5 HD +24|

Rai 5 SD|Rai 5 SD|

Rai Gulp|Rai Gulp|

Rai Gulp +1|Rai Gulp +1|

Rai Gulp +1 FHD|Rai Gulp +1 FHD|

Rai Gulp +1 Full HD|Rai Gulp +1 Full HD|

Rai Gulp +1 HD|Rai Gulp +1 HD|

Rai Gulp +24|Rai Gulp +24|

Rai Gulp +24 FHD|Rai Gulp +24 FHD|

Rai Gulp +24 Full HD|Rai Gulp +24 Full HD|

Rai Gulp +24 HD|Rai Gulp +24 HD|

Rai Gulp FHD|Rai Gulp FHD|

Rai Gulp FHD +1|Rai Gulp FHD +1|

Rai Gulp FHD +24|Rai Gulp FHD +24|

Rai Gulp Full HD|Rai Gulp Full HD|

Rai Gulp Full HD +1|Rai Gulp Full HD +1|

Rai Gulp Full HD +24|Rai Gulp Full HD +24|

Rai Gulp HD|Rai Gulp HD|

Rai Gulp HD +1|Rai Gulp HD +1|

Rai Gulp HD +24|Rai Gulp HD +24|

Rai Gulp SD|Rai Gulp SD|

Rai Movie|Rai Movie|

Rai Movie +1|Rai Movie +1|

Rai Movie +1 FHD|Rai Movie +1 FHD|

Rai Movie +1 Full HD|Rai Movie +1 Full HD|

Rai Movie +1 HD|Rai Movie +1 HD|

Rai Movie +24|Rai Movie +24|

Rai Movie +24 FHD|Rai Movie +24 FHD|

Rai Movie +24 Full HD|Rai Movie +24 Full HD|

Rai Movie +24 HD|Rai Movie +24 HD|

Rai Movie FHD|Rai Movie FHD|

Rai Movie FHD +1|Rai Movie FHD +1|

Rai Movie FHD +24|Rai Movie FHD +24|

Rai Movie Full HD|Rai Movie Full HD|

Rai Movie Full HD +1|Rai Movie Full HD +1|

Rai Movie Full HD +24|Rai Movie Full HD +24|

Rai Movie HD|Rai Movie HD|

Rai Movie HD +1|Rai Movie HD +1|

Rai Movie HD +24|Rai Movie HD +24|

Rai Movie SD|Rai Movie SD|

Rai Premium|Rai Premium|

Rai Premium +1|Rai Premium +1|

Rai Premium +1 FHD|Rai Premium +1 FHD|

Rai Premium +1 Full HD|Rai Premium +1 Full HD|

Rai Premium +1 HD|Rai Premium +1 HD|

Rai Premium +24|Rai Premium +24|

Rai Premium +24 FHD|Rai Premium +24 FHD|

Rai Premium +24 Full HD|Rai Premium +24 Full HD|

Rai Premium +24 HD|Rai Premium +24 HD|

Rai Premium FHD|Rai Premium FHD|

Rai Premium FHD +1|Rai Premium FHD +1|

Rai Premium FHD +24|Rai Premium FHD +24|

Rai Premium Full HD|Rai Premium Full HD|

Rai Premium Full HD +1|Rai Premium Full HD +1|

Rai Premium Full HD +24|Rai Premium Full HD +24|

Rai Premium HD|Rai Premium HD|

Rai Premium HD +1|Rai Premium HD +1|

Rai Premium HD +24|Rai Premium HD +24|

Rai Premium SD|Rai Premium SD|

Rai Scuola|Rai Scuola|

Rai Scuola +1|Rai Scuola +1|

Rai Scuola +1 FHD|Rai Scuola +1 FHD|

Rai Scuola +1 Full HD|Rai Scuola +1 Full HD|

Rai Scuola +1 HD|Rai Scuola +1 HD|

Rai Scuola +24|Rai Scuola +24|

Rai Scuola +24 FHD|Rai Scuola +24 FHD|

Rai Scuola +24 Full HD|Rai Scuola +24 Full HD|

Rai Scuola +24 HD|Rai Scuola +24 HD|

Rai Scuola FHD|Rai Scuola FHD|

Rai Scuola FHD +1|Rai Scuola FHD +1|

Rai Scuola FHD +24|Rai Scuola FHD +24|

Rai Scuola Full HD|Rai Scuola Full HD|

Rai Scuola Full HD +1|Rai Scuola Full HD +1|

Rai Scuola Full HD +24|Rai Scuola Full HD +24|

Rai Scuola HD|Rai Scuola HD|

Rai Scuola HD +1|Rai Scuola HD +1|

Rai Scuola HD +24|Rai Scuola HD +24|

Rai Scuola SD|Rai Scuola SD|

Rai Sport|Rai Sport|

Rai Sport +|Rai Sport +|

Rai Sport + FHD|Rai Sport + FHD|

Rai Sport + Full HD|Rai Sport + Full HD|

Rai Sport + HD|Rai Sport + HD|

Rai Sport FHD|Rai Sport FHD|

Rai Sport Full HD|Rai Sport Full HD|

Rai Sport HD|Rai Sport HD|

Rai Storia|Rai Storia|

Rai Storia +1|Rai Storia +1|

Rai Storia +1 FHD|Rai Storia +1 FHD|

Rai Storia +1 Full HD|Rai Storia +1 Full HD|

Rai Storia +1 HD|Rai Storia +1 HD|

Rai Storia +24|Rai Storia +24|

Rai Storia +24 FHD|Rai Storia +24 FHD|

Rai Storia +24 Full HD|Rai Storia +24 Full HD|

Rai Storia +24 HD|Rai Storia +24 HD|

Rai Storia FHD|Rai Storia FHD|

Rai Storia FHD +1|Rai Storia FHD +1|

Rai Storia FHD +24|Rai Storia FHD +24|

Rai Storia Full HD|Rai Storia Full HD|

Rai Storia Full HD +1|Rai Storia Full HD +1|

Rai Storia Full HD +24|Rai Storia Full HD +24|

Rai Storia HD|Rai Storia HD|

Rai Storia HD +1|Rai Storia HD +1|

Rai Storia HD +24|Rai Storia HD +24|

Rai Storia SD|Rai Storia SD|

Rai Yoyo|Rai Yoyo|

Rai Yoyo +1|Rai Yoyo +1|

Rai Yoyo +1 FHD|Rai Yoyo +1 FHD|

Rai Yoyo +1 Full HD|Rai Yoyo +1 Full HD|

Rai Yoyo +1 HD|Rai Yoyo +1 HD|

Rai Yoyo +24|Rai Yoyo +24|

Rai Yoyo +24 FHD|Rai Yoyo +24 FHD|

Rai Yoyo +24 Full HD|Rai Yoyo +24 Full HD|

Rai Yoyo +24 HD|Rai Yoyo +24 HD|

Rai Yoyo FHD|Rai Yoyo FHD|

Rai Yoyo FHD +1|Rai Yoyo FHD +1|

Rai Yoyo FHD +24|Rai Yoyo FHD +24|

Rai Yoyo Full HD|Rai Yoyo Full HD|

Rai Yoyo Full HD +1|Rai Yoyo Full HD +1|

Rai Yoyo Full HD +24|Rai Yoyo Full HD +24|

Rai Yoyo HD|Rai Yoyo HD|

Rai Yoyo HD +1|Rai Yoyo HD +1|

Rai Yoyo HD +24|Rai Yoyo HD +24|

Rai Yoyo SD|Rai Yoyo SD|

Rai1|Rai1|

Rai1 HD|Rai1 HD|

Rai2|Rai2|

Rai2 HD|Rai2 HD|

Rai3|Rai3|

Rai3 HD|Rai3 HD|

Real Time|Real Time|

Real Time +1|Real Time +1|

Real Time +1 FHD|Real Time +1 FHD|

Real Time +1 Full HD|Real Time +1 Full HD|

Real Time +1 HD|Real Time +1 HD|

Real Time +24|Real Time +24|

Real Time +24 FHD|Real Time +24 FHD|

Real Time +24 Full HD|Real Time +24 Full HD|

Real Time +24 HD|Real Time +24 HD|

Real Time FHD|Real Time FHD|

Real Time FHD +1|Real Time FHD +1|

Real Time FHD +24|Real Time FHD +24|

Real Time Full HD|Real Time Full HD|

Real Time Full HD +1|Real Time Full HD +1|

Real Time Full HD +24|Real Time Full HD +24|

Real Time HD|Real Time HD|

Real Time HD +1|Real Time HD +1|

Real Time HD +24|Real Time HD +24|

Real Time SD|Real Time SD|

Rete 4|Rete 4|

Rete 4 +1|Rete 4 +1|

Rete 4 +1 FHD|Rete 4 +1 FHD|

Rete 4 +1 Full HD|Rete 4 +1 Full HD|

Rete 4 +1 HD|Rete 4 +1 HD|

Rete 4 +24|Rete 4 +24|

Rete 4 +24 FHD|Rete 4 +24 FHD|

Rete 4 +24 Full HD|Rete 4 +24 Full HD|

Rete 4 +24 HD|Rete 4 +24 HD|

Rete 4 FHD|Rete 4 FHD|

Rete 4 FHD +1|Rete 4 FHD +1|

Rete 4 FHD +24|Rete 4 FHD +24|

Rete 4 Full HD|Rete 4 Full HD|

Rete 4 Full HD +1|Rete 4 Full HD +1|

Rete 4 Full HD +24|Rete 4 Full HD +24|

Rete 4 HD|Rete 4 HD|

Rete 4 HD +1|Rete 4 HD +1|

Rete 4 HD +24|Rete 4 HD +24|

Rete 4 SD|Rete 4 SD|

Rsi La1|Rsi La1|

Rsi La1 +1|Rsi La1 +1|

Rsi La1 +1 FHD|Rsi La1 +1 FHD|

Rsi La1 +1 Full HD|Rsi La1 +1 Full HD|

Rsi La1 +1 HD|Rsi La1 +1 HD|

Rsi La1 FHD|Rsi La1 FHD|

Rsi La1 FHD +1|Rsi La1 FHD +1|

Rsi La1 Full HD|Rsi La1 Full HD|

Rsi La1 Full HD +1|Rsi La1 Full HD +1|

Rsi La1 HD|Rsi La1 HD|

Rsi La1 HD +1|Rsi La1 HD +1|

Rsi La1 SD|Rsi La1 SD|

Rsi La2|Rsi La2|

Rsi La2 +1|Rsi La2 +1|

Rsi La2 +1 FHD|Rsi La2 +1 FHD|

Rsi La2 +1 Full HD|Rsi La2 +1 Full HD|

Rsi La2 +1 HD|Rsi La2 +1 HD|

Rsi La2 FHD|Rsi La2 FHD|

Rsi La2 FHD +1|Rsi La2 FHD +1|

Rsi La2 Full HD|Rsi La2 Full HD|

Rsi La2 Full HD +1|Rsi La2 Full HD +1|

Rsi La2 HD|Rsi La2 HD|

Rsi La2 HD +1|Rsi La2 HD +1|

Rsi La2 SD|Rsi La2 SD|

Sky Arte FHD|Sky Arte FHD|

Sky Atlantic|Sky Atlantic|

Sky Atlantic +1|Sky Atlantic +1|

Sky Atlantic +1 FHD|Sky Atlantic +1 FHD|

Sky Atlantic +1 Full HD|Sky Atlantic +1 Full HD|

Sky Atlantic +1 HD|Sky Atlantic +1 HD|

Sky Atlantic +24|Sky Atlantic +24|

Sky Atlantic +24 FHD|Sky Atlantic +24 FHD|

Sky Atlantic +24 Full HD|Sky Atlantic +24 Full HD|

Sky Atlantic +24 HD|Sky Atlantic +24 HD|

Sky Atlantic FHD|Sky Atlantic FHD|

Sky Atlantic FHD +1|Sky Atlantic FHD +1|

Sky Atlantic FHD +24|Sky Atlantic FHD +24|

Sky Atlantic Full HD|Sky Atlantic Full HD|

Sky Atlantic Full HD +1|Sky Atlantic Full HD +1|

Sky Atlantic Full HD +24|Sky Atlantic Full HD +24|

Sky Atlantic HD|Sky Atlantic HD|

Sky Atlantic HD +1|Sky Atlantic HD +1|

Sky Atlantic HD +24|Sky Atlantic HD +24|

Sky Atlantic SD|Sky Atlantic SD|

Sky Cinema Action|Sky Cinema Action|

Sky Cinema Action +1|Sky Cinema Action +1|

Sky Cinema Action +1 FHD|Sky Cinema Action +1 FHD|

Sky Cinema Action +1 Full HD|Sky Cinema Action +1 Full HD|

Sky Cinema Action +1 HD|Sky Cinema Action +1 HD|

Sky Cinema Action +24|Sky Cinema Action +24|

Sky Cinema Action +24 FHD|Sky Cinema Action +24 FHD|

Sky Cinema Action +24 Full HD|Sky Cinema Action +24 Full HD|

Sky Cinema Action +24 HD|Sky Cinema Action +24 HD|

Sky Cinema Action FHD|Sky Cinema Action FHD|

Sky Cinema Action FHD +1|Sky Cinema Action FHD +1|

Sky Cinema Action FHD +24|Sky Cinema Action FHD +24|

Sky Cinema Action Full HD|Sky Cinema Action Full HD|

Sky Cinema Action Full HD +1|Sky Cinema Action Full HD +1|

Sky Cinema Action Full HD +24|Sky Cinema Action Full HD +24|

Sky Cinema Action HD|Sky Cinema Action HD|

Sky Cinema Action HD +1|Sky Cinema Action HD +1|

Sky Cinema Action HD +24|Sky Cinema Action HD +24|

Sky Cinema Action SD|Sky Cinema Action SD|

Sky Cinema Collection|Sky Cinema Collection|

Sky Cinema Collection +1|Sky Cinema Collection +1|

Sky Cinema Collection +1 FHD|Sky Cinema Collection +1 FHD|

Sky Cinema Collection +1 Full HD|Sky Cinema Collection +1 Full HD|

Sky Cinema Collection +1 HD|Sky Cinema Collection +1 HD|

Sky Cinema Collection +24|Sky Cinema Collection +24|

Sky Cinema Collection +24 FHD|Sky Cinema Collection +24 FHD|

Sky Cinema Collection +24 Full HD|Sky Cinema Collection +24 Full HD|

Sky Cinema Collection +24 HD|Sky Cinema Collection +24 HD|

Sky Cinema Collection FHD|Sky Cinema Collection FHD|

Sky Cinema Collection FHD +1|Sky Cinema Collection FHD +1|

Sky Cinema Collection FHD +24|Sky Cinema Collection FHD +24|

Sky Cinema Collection Full HD|Sky Cinema Collection Full HD|

Sky Cinema Collection Full HD +1|Sky Cinema Collection Full HD +1|

Sky Cinema Collection Full HD +24|Sky Cinema Collection Full HD +24|

Sky Cinema Collection HD|Sky Cinema Collection HD|

Sky Cinema Collection HD +1|Sky Cinema Collection HD +1|

Sky Cinema Collection HD +24|Sky Cinema Collection HD +24|

Sky Cinema Collection SD|Sky Cinema Collection SD|

Sky Cinema Comedy|Sky Cinema Comedy|

Sky Cinema Comedy +1|Sky Cinema Comedy +1|

Sky Cinema Comedy +1 FHD|Sky Cinema Comedy +1 FHD|

Sky Cinema Comedy +1 Full HD|Sky Cinema Comedy +1 Full HD|

Sky Cinema Comedy +1 HD|Sky Cinema Comedy +1 HD|

Sky Cinema Comedy +24|Sky Cinema Comedy +24|

Sky Cinema Comedy +24 FHD|Sky Cinema Comedy +24 FHD|

Sky Cinema Comedy +24 Full HD|Sky Cinema Comedy +24 Full HD|

Sky Cinema Comedy +24 HD|Sky Cinema Comedy +24 HD|

Sky Cinema Comedy FHD|Sky Cinema Comedy FHD|

Sky Cinema Comedy FHD +1|Sky Cinema Comedy FHD +1|

Sky Cinema Comedy FHD +24|Sky Cinema Comedy FHD +24|

Sky Cinema Comedy Full HD|Sky Cinema Comedy Full HD|

Sky Cinema Comedy Full HD +1|Sky Cinema Comedy Full HD +1|

Sky Cinema Comedy Full HD +24|Sky Cinema Comedy Full HD +24|

Sky Cinema Comedy HD|Sky Cinema Comedy HD|

Sky Cinema Comedy HD +1|Sky Cinema Comedy HD +1|

Sky Cinema Comedy HD +24|Sky Cinema Comedy HD +24|

Sky Cinema Comedy SD|Sky Cinema Comedy SD|

Sky Cinema Drama|Sky Cinema Drama|

Sky Cinema Drama +1|Sky Cinema Drama +1|

Sky Cinema Drama +1 FHD|Sky Cinema Drama +1 FHD|

Sky Cinema Drama +1 Full HD|Sky Cinema Drama +1 Full HD|

Sky Cinema Drama +1 HD|Sky Cinema Drama +1 HD|

Sky Cinema Drama +24|Sky Cinema Drama +24|

Sky Cinema Drama +24 FHD|Sky Cinema Drama +24 FHD|

Sky Cinema Drama +24 Full HD|Sky Cinema Drama +24 Full HD|

Sky Cinema Drama +24 HD|Sky Cinema Drama +24 HD|

Sky Cinema Drama FHD|Sky Cinema Drama FHD|

Sky Cinema Drama FHD +1|Sky Cinema Drama FHD +1|

Sky Cinema Drama FHD +24|Sky Cinema Drama FHD +24|

Sky Cinema Drama Full HD|Sky Cinema Drama Full HD|

Sky Cinema Drama Full HD +1|Sky Cinema Drama Full HD +1|

Sky Cinema Drama Full HD +24|Sky Cinema Drama Full HD +24|

Sky Cinema Drama HD|Sky Cinema Drama HD|

Sky Cinema Drama HD +1|Sky Cinema Drama HD +1|

Sky Cinema Drama HD +24|Sky Cinema Drama HD +24|

Sky Cinema Drama SD|Sky Cinema Drama SD|

Sky Cinema Due|Sky Cinema Due|

Sky Cinema Due +1|Sky Cinema Due +1|

Sky Cinema Due +1 FHD|Sky Cinema Due +1 FHD|

Sky Cinema Due +1 Full HD|Sky Cinema Due +1 Full HD|

Sky Cinema Due +1 HD|Sky Cinema Due +1 HD|

Sky Cinema Due +24|Sky Cinema Due +24|

Sky Cinema Due +24 FHD|Sky Cinema Due +24 FHD|

Sky Cinema Due +24 Full HD|Sky Cinema Due +24 Full HD|

Sky Cinema Due +24 HD|Sky Cinema Due +24 HD|

Sky Cinema Due FHD|Sky Cinema Due FHD|

Sky Cinema Due FHD +1|Sky Cinema Due FHD +1|

Sky Cinema Due FHD +24|Sky Cinema Due FHD +24|

Sky Cinema Due Full HD|Sky Cinema Due Full HD|

Sky Cinema Due Full HD +1|Sky Cinema Due Full HD +1|

Sky Cinema Due Full HD +24|Sky Cinema Due Full HD +24|

Sky Cinema Due HD|Sky Cinema Due HD|

Sky Cinema Due HD +1|Sky Cinema Due HD +1|

Sky Cinema Due HD +24|Sky Cinema Due HD +24|

Sky Cinema Due SD|Sky Cinema Due SD|

Sky Cinema Family|Sky Cinema Family|

Sky Cinema Family +1|Sky Cinema Family +1|

Sky Cinema Family +1 FHD|Sky Cinema Family +1 FHD|

Sky Cinema Family +1 Full HD|Sky Cinema Family +1 Full HD|

Sky Cinema Family +1 HD|Sky Cinema Family +1 HD|

Sky Cinema Family +24|Sky Cinema Family +24|

Sky Cinema Family +24 FHD|Sky Cinema Family +24 FHD|

Sky Cinema Family +24 Full HD|Sky Cinema Family +24 Full HD|

Sky Cinema Family +24 HD|Sky Cinema Family +24 HD|

Sky Cinema Family FHD|Sky Cinema Family FHD|

Sky Cinema Family FHD +1|Sky Cinema Family FHD +1|

Sky Cinema Family FHD +24|Sky Cinema Family FHD +24|

Sky Cinema Family Full HD|Sky Cinema Family Full HD|

Sky Cinema Family Full HD +1|Sky Cinema Family Full HD +1|

Sky Cinema Family Full HD +24|Sky Cinema Family Full HD +24|

Sky Cinema Family HD|Sky Cinema Family HD|

Sky Cinema Family HD +1|Sky Cinema Family HD +1|

Sky Cinema Family HD +24|Sky Cinema Family HD +24|

Sky Cinema Family SD|Sky Cinema Family SD|

Sky Cinema Romance|Sky Cinema Romance|

Sky Cinema Romance +1|Sky Cinema Romance +1|

Sky Cinema Romance +1 FHD|Sky Cinema Romance +1 FHD|

Sky Cinema Romance +1 Full HD|Sky Cinema Romance +1 Full HD|

Sky Cinema Romance +1 HD|Sky Cinema Romance +1 HD|

Sky Cinema Romance +24|Sky Cinema Romance +24|

Sky Cinema Romance +24 FHD|Sky Cinema Romance +24 FHD|

Sky Cinema Romance +24 Full HD|Sky Cinema Romance +24 Full HD|

Sky Cinema Romance +24 HD|Sky Cinema Romance +24 HD|

Sky Cinema Romance FHD|Sky Cinema Romance FHD|

Sky Cinema Romance FHD +1|Sky Cinema Romance FHD +1|

Sky Cinema Romance FHD +24|Sky Cinema Romance FHD +24|

Sky Cinema Romance Full HD|Sky Cinema Romance Full HD|

Sky Cinema Romance Full HD +1|Sky Cinema Romance Full HD +1|

Sky Cinema Romance Full HD +24|Sky Cinema Romance Full HD +24|

Sky Cinema Romance HD|Sky Cinema Romance HD|

Sky Cinema Romance HD +1|Sky Cinema Romance HD +1|

Sky Cinema Romance HD +24|Sky Cinema Romance HD +24|

Sky Cinema Romance SD|Sky Cinema Romance SD|

Sky Cinema Suspence|Sky Cinema Suspense|

Sky Cinema Suspence +1|Sky Cinema Suspense +1|

Sky Cinema Suspence +1 FHD|Sky Cinema Suspense +1 FHD|

Sky Cinema Suspence +1 Full HD|Sky Cinema Suspense +1 Full HD|

Sky Cinema Suspence +1 HD|Sky Cinema Suspense +1 HD|

Sky Cinema Suspence +24|Sky Cinema Suspense +24|

Sky Cinema Suspence +24 FHD|Sky Cinema Suspense +24 FHD|

Sky Cinema Suspence +24 Full HD|Sky Cinema Suspense +24 Full HD|

Sky Cinema Suspence +24 HD|Sky Cinema Suspense +24 HD|

Sky Cinema Suspence FHD|Sky Cinema Suspense FHD|

Sky Cinema Suspence FHD +1|Sky Cinema Suspense FHD +1|

Sky Cinema Suspence FHD +24|Sky Cinema Suspense FHD +24|

Sky Cinema Suspence Full HD|Sky Cinema Suspense Full HD|

Sky Cinema Suspence Full HD +1|Sky Cinema Suspense Full HD +1|

Sky Cinema Suspence Full HD +24|Sky Cinema Suspense Full HD +24|

Sky Cinema Suspence HD|Sky Cinema Suspense HD|

Sky Cinema Suspence HD +1|Sky Cinema Suspense HD +1|

Sky Cinema Suspence HD +24|Sky Cinema Suspense HD +24|

Sky Cinema Suspence SD|Sky Cinema Suspense SD|

Sky Cinema Uno|Sky Cinema Uno|

Sky Cinema Uno +1|Sky Cinema Uno +1|

Sky Cinema Uno +1 FHD|Sky Cinema Uno +1 FHD|

Sky Cinema Uno +1 Full HD|Sky Cinema Uno +1 Full HD|

Sky Cinema Uno +1 HD|Sky Cinema Uno +1 HD|

Sky Cinema Uno +24|Sky Cinema Uno +24|

Sky Cinema Uno +24 FHD|Sky Cinema Uno +24 FHD|

Sky Cinema Uno +24 Full HD|Sky Cinema Uno +24 Full HD|

Sky Cinema Uno +24 HD|Sky Cinema Uno +24 HD|

Sky Cinema Uno FHD|Sky Cinema Uno FHD|

Sky Cinema Uno FHD +1|Sky Cinema Uno FHD +1|

Sky Cinema Uno FHD +24|Sky Cinema Uno FHD +24|

Sky Cinema Uno Full HD|Sky Cinema Uno Full HD|

Sky Cinema Uno Full HD +1|Sky Cinema Uno Full HD +1|

Sky Cinema Uno Full HD +24|Sky Cinema Uno Full HD +24|

Sky Cinema Uno HD|Sky Cinema Uno HD|

Sky Cinema Uno HD +1|Sky Cinema Uno HD +1|

Sky Cinema Uno HD +24|Sky Cinema Uno HD +24|

Sky Cinema Uno SD|Sky Cinema Uno SD|

Sky Sport|Sky Sport|

Sky Sport Arena|Sky Sport Arena|

Sky Sport Arena FHD|Sky Sport Arena FHD|

Sky Sport Arena Full HD|Sky Sport Arena Full HD|

Sky Sport Arena HD|Sky Sport Arena HD|

Sky Sport F1|Sky Sport F1|

Sky Sport F1 FHD|Sky Sport F1 FHD|

Sky Sport F1 Full HD|Sky Sport F1 Full HD|

Sky Sport F1 HD|Sky Sport F1 HD|

Sky Sport FHD|Sky Sport FHD|

Sky Sport Football|Sky Sport Football|

Sky Sport Football FHD|Sky Sport Football FHD|

Sky Sport Football Full HD|Sky Sport Football Full HD|

Sky Sport Football HD|Sky Sport Football HD|

Sky Sport Full HD|Sky Sport Full HD|

Sky Sport HD|Sky Sport HD|

Sky Sport MotoGP|Sky Sport MotoGP|

Sky Sport MotoGP FHD|Sky Sport MotoGP FHD|

Sky Sport MotoGP Full HD|Sky Sport MotoGP Full HD|

Sky Sport MotoGP HD|Sky Sport MotoGP HD|

Sky Sport NBA|Sky Sport NBA|

Sky Sport NBA FHD|Sky Sport NBA FHD|

Sky Sport NBA Full HD|Sky Sport NBA Full HD|

Sky Sport NBA HD|Sky Sport NBA HD|

Sky Sport Uno|Sky Sport Uno|

Sky Uno|Sky Uno|

Sky Uno +1|Sky Uno +1|

Sky Uno +1 FHD|Sky Uno +1 FHD|

Sky Uno +1 Full HD|Sky Uno +1 Full HD|

Sky Uno +1 HD|Sky Uno +1 HD|

Sky Uno +24|Sky Uno +24|

Sky Uno +24 FHD|Sky Uno +24 FHD|

Sky Uno +24 Full HD|Sky Uno +24 Full HD|

Sky Uno +24 HD|Sky Uno +24 HD|

Sky Uno FHD|Sky Uno FHD|

Sky Uno FHD +1|Sky Uno FHD +1|

Sky Uno FHD +24|Sky Uno FHD +24|

Sky Uno Full HD|Sky Uno Full HD|

Sky Uno Full HD +1|Sky Uno Full HD +1|

Sky Uno Full HD +24|Sky Uno Full HD +24|

Sky Uno HD|Sky Uno HD|

Sky Uno HD +1|Sky Uno HD +1|

Sky Uno HD +24|Sky Uno HD +24|

Sky Uno SD|Sky Uno SD|

TV 8|TV 8|

TV 8 +1|TV 8 +1|

TV 8 +1 FHD|TV 8 +1 FHD|

TV 8 +1 Full HD|TV8 +1|

TV 8 +1 HD|TV 8 +1 HD|

TV 8 FHD|TV 8 FHD|

TV 8 FHD +1|TV 8 FHD +1|

TV 8 Full HD|TV8 HD|

TV 8 Full HD +1|TV8 HD +1|

TV 8 HD|TV 8 HD|

TV 8 HD +1|TV 8 HD +1|

TV 8 SD|TV8|

Tg Com 24|TGCOM 24|

Top Crime|Top Crime|

Top Crime +1|Top Crime +1|

Top Crime +1 FHD|Top Crime +1 FHD|

Top Crime +1 Full HD|Top Crime +1 Full HD|

Top Crime +1 HD|Top Crime +1 HD|

Top Crime +24|Top Crime +24|

Top Crime +24 FHD|Top Crime +24 FHD|

Top Crime +24 Full HD|Top Crime +24 Full HD|

Top Crime +24 HD|Top Crime +24 HD|

Top Crime FHD|Top Crime FHD|

Top Crime FHD +1|Top Crime FHD +1|

Top Crime FHD +24|Top Crime FHD +24|

Top Crime Full HD|Top Crime Full HD|

Top Crime Full HD +1|Top Crime Full HD +1|

Top Crime Full HD +24|Top Crime Full HD +24|

Top Crime HD|Top Crime HD|

Top Crime HD +1|Top Crime HD +1|

Top Crime HD +24|Top Crime HD +24|

Top Crime SD|Top Crime SD|

